date_time,search_count,job_id,job_title,company,location,update_time,applicants,job_time,job_level,job_type,company_size,company_industry,job_details
19Jun2024-15:15:55,250,3914440537,BI Einstein Developer,Koch Industries,"Bengaluru, Karnataka, India",Reposted 3 weeks ago,93 applicants,,,On-site Full-time Entry level,"10,001+ employees",Oil and Gas,"DAX, Dashboards, Data Analytics, Databases, Extract, Transform, Load (ETL), Microsoft Power BI, Oracle SQL Developer, QlikView, SQL Server Analysis Services (SSAS), and Transact-SQL (T-SQL)"
19Jun2024-15:15:57,250,3941417173,Data Management Engineer,Koch Industries,"Bengaluru, Karnataka, India",2 weeks ago,29 applicants,,,On-site Full-time Entry level,"10,001+ employees",Oil and Gas,"Data Engineering, Data Science, Data Warehousing, Databases, and Extract, Transform, Load (ETL)"
19Jun2024-15:15:59,250,3920852471,Data Engineer,Koch Industries,"Bengaluru, Karnataka, India",Reposted 2 weeks ago,Over 100 applicants,,,On-site Full-time Entry level,"10,001+ employees",Oil and Gas,"Data Engineering, Data Science, Data Warehousing, Databases, and Extract, Transform, Load (ETL)"
19Jun2024-15:16:01,250,3920752522,Data Engineer - 2415D,Enverus,"Bengaluru, Karnataka, India",Reposted 2 weeks ago,Over 100 applicants,,,On-site Full-time Entry level,"1,001-5,000 employees",Software Development,"Apache Spark, Communication, Computer Science, Data Engineering, Data Science, Databases, Extract, Transform, Load (ETL), Query Writing, Responsiveness, and Software Development"
19Jun2024-15:16:03,250,3931123859,Market Data Engineer,Millennium,"Bengaluru, Karnataka, India",Reposted 6 days ago,Over 100 applicants,,,On-site Full-time Entry level,"5,001-10,000 employees",Investment Management,"Amazon Web Services (AWS), Communication, Data Engineering, Data Science, Good Clinical Practice (GCP), Google Cloud Platform (GCP), Internet Protocol Suite (TCP/IP), Linux, Microsoft Azure, and Transmission Control Protocol (TCP)"
19Jun2024-15:16:05,250,3943451373,Data Engineer,Uniphore,"Bengaluru, Karnataka, India",1 week ago,Over 100 applicants,,,Full-time Entry level,"501-1,000 employees","Technology, Information and Internet","Data Engineering, Data Manipulation, Data Modeling, Data Models, Data Science, Data Warehousing, Databases, Extract, Transform, Load (ETL), Google Cloud Platform (GCP), and SOAP"
19Jun2024-15:16:07,250,3936811768,Data Scientist,Organic Mandya,"Bengaluru, Karnataka, India",3 weeks ago,Over 100 applicants,,,On-site Full-time,201-500 employees,,"Analytics, C++, Data Modeling, Java, Modeling, Predictive Modeling, Programming, Python (Programming Language), Quantitative Analytics, and SQL"
19Jun2024-15:16:09,250,3879332801,Associate - US Analytics & Reporting Admin,AstraZeneca,"Bengaluru East, Karnataka, India",Reposted 6 days ago,Over 100 applicants,,,Full-time Entry level,"10,001+ employees",Pharmaceutical Manufacturing,"Data Modeling, IT Accessibility, Privacy Regulations, Qlik NPrinting, Qlik Sense, Snowflake, Snowflake Cloud, Usability, Veeva, and Veeva CRM"
19Jun2024-15:16:11,250,3934276831,Data Scientist,Concentrix,"Bengaluru, Karnataka, India",3 weeks ago,Over 100 applicants,,,On-site Full-time Entry level,"10,001+ employees",IT Services and IT Consulting,"Amazon Web Services (AWS), Data Modeling, Data Science, Large Language Models (LLM), Machine Learning, Natural Language Processing (NLP), Python (Programming Language), Scala, and Time Series Analysis"
19Jun2024-15:16:13,250,3921601060,Engineering Tools License Management Specialist,PHINIA,"Bengaluru, Karnataka, India",Reposted 1 week ago,15 applicants,,,Full-time Entry level,"10,001+ employees",Motor Vehicle Manufacturing,"Communication, Dashboards, Data Engineering, Data-driven Decision Making, Driving Results, Identifying Trends, License Management, Negotiation, Problem Solving, and Software Licensing"
19Jun2024-15:16:15,250,3883384532,Data Science,Infosys,"Bengaluru East, Karnataka, India",Reposted 3 weeks ago,Over 100 applicants,,,On-site Full-time Entry level,"10,001+ employees",IT Services and IT Consulting,"Analytics, Artificial Intelligence (AI), Data Analytics, Data Collection, Data Preparation, Data Science, Data Visualization, Machine Learning, R (Programming Language), and Statistics"
19Jun2024-15:16:17,250,3607812205,Group Manager – Data Science,WNS,"Bengaluru, Karnataka, India",Reposted 3 weeks ago,Over 100 applicants,,,On-site Full-time Entry level,"10,001+ employees",Outsourcing and Offshoring Consulting,"Analytics, BFSI, Business Requirements, Communication, Data Wrangling, Defining Requirements, Knowledge Acquisition, Model Development, NumPy, and Pandas (Software)"
19Jun2024-15:16:19,250,3950211185,Data Scientist,upliance.ai,"Bengaluru, Karnataka, India",3 days ago,Over 100 applicants,,,On-site Full-time Entry level,11-50 employees,Household Appliance Manufacturing,"Data Analytics, Python (Programming Language), and SQL"
19Jun2024-15:16:21,250,3829982829,Advanced Data Science Associate,ZS,"Bengaluru, Karnataka, India",Reposted 1 week ago,Over 100 applicants,,,Full-time Entry level,"10,001+ employees",Business Consulting and Services,"Analytics, Communication, Computer Science, Data Analytics, Data Science, Database Systems, Databases, Datasets, Problem Solving, and Quantitative Analytics"
19Jun2024-15:16:23,250,3919895312,Assc Analytics & Model Analyst,Moody's Corporation,"Bengaluru, Karnataka, India",Reposted 3 weeks ago,Over 100 applicants,,,On-site Full-time Entry level,"10,001+ employees",Financial Services,"Analytics, ArcGIS Desktop, Data Analytics, Data Science, Data Visualization, GIS Software, Geographic Information Systems (GIS), Process Enhancement, Remote Sensing, and SQL"
19Jun2024-15:16:25,250,3945099203,SEO Product Manager,UrbanPro.com,"Bengaluru, Karnataka, India",5 days ago,Over 100 applicants,,,On-site Full-time,51-200 employees,,"Cross-functional Team Leadership, Data Analysis, Product Development, Product Management, Research Skills, and Search Engine Optimization (SEO)"
19Jun2024-15:16:27,250,3938882499,Data Scientist,Coinbase,"Bengaluru, Karnataka, India",Reposted 2 weeks ago,Over 100 applicants,,,Full-time Entry level,"1,001-5,000 employees",Internet Publishing,"Analytical Skills, Communication, Computer Science, Data Science, Key Metrics, Mathematics, Natural Language Processing (NLP), Physics, Predictive Analytics, and SQL"
19Jun2024-15:16:29,250,3883388337,AI Security officer,Infosys,"Bengaluru East, Karnataka, India",Reposted 3 weeks ago,Over 100 applicants,,,On-site Full-time Entry level,"10,001+ employees",IT Services and IT Consulting,"Coding Experience, Problem Solving, Security, and Security Operations"
19Jun2024-15:16:31,250,3934366392,Big Data Engineer,Fractal,"Bengaluru, Karnataka, India",3 weeks ago,Over 100 applicants,,,On-site Full-time Entry level,"1,001-5,000 employees",Business Consulting and Services,"Apache Impala, Apache Spark, Data Engineering, Hadoop, Hive, PySpark, Python (Programming Language), Scala, Scripting, and Sqoop"
19Jun2024-15:16:33,250,3947921359,"Junior, Data Scientist",Hudson's Bay Company India,"Bengaluru, Karnataka, India",1 week ago,Over 100 applicants,,,Full-time Entry level,"1,001-5,000 employees",Retail,"Communication, Computer Science, Data Analysis, Data Analytics, Data Science, Databases, Predictive Analytics, Problem Solving, SQL, and Statistics"
19Jun2024-15:16:35,250,3939080059,Junior Data Scientist - Machine Learning/Artificial Intelligence,Aptus Data Labs,"Bengaluru, Karnataka, India",2 weeks ago,Over 100 applicants,,,On-site Full-time Entry level,51-200 employees,IT Services and IT Consulting,"Algorithms, Artificial Intelligence (AI), Communication, Data Preparation, Data Science, Machine Learning, Natural Language Processing (NLP), Predictive Analytics, SQL, and Statistical Modeling"
19Jun2024-15:16:37,250,3933457125,Associate - Forecasting,AstraZeneca,"Bengaluru East, Karnataka, India",2 weeks ago,Over 100 applicants,,,Full-time Entry level,"10,001+ employees",Pharmaceutical Manufacturing,"Analytical Skills, Business Reviews, Communication, Data Analysis, Data Analytics, Forecasting, Performance Reporting, Pharmaceuticals, Secondary Data Analysis, and Sphere"
19Jun2024-15:16:39,250,3947024892,Machine Learning Engineer 2,TELUS International AI Data Solutions,"Bengaluru, Karnataka, India",1 week ago,Over 100 applicants,,,On-site Full-time Entry level,"10,001+ employees",IT Services and IT Consulting,"Amazon Web Services (AWS), Applied Mathematics, Computer Science, Google Cloud Platform (GCP), JavaScript, Machine Learning, Mathematics, Microsoft Azure, Natural Language Processing (NLP), PyTorch, Python (Programming Language), and TensorFlow"
19Jun2024-15:16:46,250,3947921359,"Junior, Data Scientist",Hudson's Bay Company India,"Bengaluru, Karnataka, India",1 week ago,Over 100 applicants,,,Full-time Entry level,"1,001-5,000 employees",Retail,"Communication, Computer Science, Data Analysis, Data Analytics, Data Science, Databases, Predictive Analytics, Problem Solving, SQL, and Statistics"
19Jun2024-15:16:48,250,3939080059,Junior Data Scientist - Machine Learning/Artificial Intelligence,Aptus Data Labs,"Bengaluru, Karnataka, India",2 weeks ago,Over 100 applicants,,,On-site Full-time Entry level,51-200 employees,IT Services and IT Consulting,"Algorithms, Artificial Intelligence (AI), Communication, Data Preparation, Data Science, Machine Learning, Natural Language Processing (NLP), Predictive Analytics, SQL, and Statistical Modeling"
19Jun2024-15:16:50,250,3933457125,Associate - Forecasting,AstraZeneca,"Bengaluru East, Karnataka, India",2 weeks ago,Over 100 applicants,,,Full-time Entry level,"10,001+ employees",Pharmaceutical Manufacturing,"Analytical Skills, Business Reviews, Communication, Data Analysis, Data Analytics, Forecasting, Performance Reporting, Pharmaceuticals, Secondary Data Analysis, and Sphere"
19Jun2024-15:16:52,250,3947024892,Machine Learning Engineer 2,TELUS International AI Data Solutions,"Bengaluru, Karnataka, India",1 week ago,Over 100 applicants,,,On-site Full-time Entry level,"10,001+ employees",IT Services and IT Consulting,"Amazon Web Services (AWS), Applied Mathematics, Computer Science, Google Cloud Platform (GCP), JavaScript, Machine Learning, Mathematics, Microsoft Azure, Natural Language Processing (NLP), PyTorch, Python (Programming Language), and TensorFlow"
19Jun2024-15:16:54,250,3935489815,AWS Data Architect,Infosys,"Bengaluru East, Karnataka, India",Reposted 1 day ago,93 applicants,,,On-site Full-time Entry level,"10,001+ employees",IT Services and IT Consulting,"Amazon Redshift, Client Interfacing Skills, Critical Thinking, Data Analytics, Data Modeling, Data Warehousing, Databases, Extract, Transform, Load (ETL), Problem Solving, and SQL"
19Jun2024-15:16:56,250,3937238217,Artificial Intelligence Engineer - LLM/ChatGPT,Binocs,"Bengaluru, Karnataka, India",2 weeks ago,Over 100 applicants,,,Full-time Entry level,51-200 employees,Software Development,"Artificial Intelligence (AI), ChatGPT, Computer Science, Microservices, Natural Language Processing (NLP), Pattern Recognition, Programming, Prompt Engineering, Reliability, and Serverless Computing"
19Jun2024-15:16:58,250,3940822721,AZURE AI and ML Engineer,Ascendhub Consulting Services Private Limited,"Bengaluru, Karnataka, India",1 week ago,Over 100 applicants,,,On-site Full-time,11-50 employees,,"Artificial Intelligence (AI), Communication, Computer Science, Databases, Datasets, Deep Learning, Problem Solving, Security Assertion Markup Language (SAML), Vector, and Vector Databases"
19Jun2024-15:17:00,250,3939494400,Business Analyst - Data Analytics,Programming.com,"Bengaluru, Karnataka, India",1 week ago,Over 100 applicants,,,On-site Full-time Entry level,"1,001-5,000 employees",IT Services and IT Consulting,"Analytics, Business Analysis, Communication, Data Analytics, Data Visualization, Documentation, External Communications, Internal and External Communications, Problem Solving, and Project Management"
19Jun2024-15:17:02,250,3945397376,Senior Analyst -ESG,Apex Group Ltd (India Branch),"Bengaluru, Karnataka, India",1 week ago,36 applicants,,,Full-time Entry level,"10,001+ employees",Financial Services,"Analytical Skills, Business Insights, Data Analysis, Data Analytics, Data Research, Environmental, Social, and Governance (ESG), Independent Research, Product Demonstration, Research Projects, and Soft Skills"
19Jun2024-15:17:04,250,3937571936,AI/ML Engineer (OpenAI/Gemini/Large Language Models),Sustainability Economics,"Bengaluru, Karnataka, India",2 weeks ago,Over 100 applicants,,,On-site Full-time,11-50 employees,,"Business Requirements, Communication, Gemini, Interfaces, Interpersonal Communication, Natural Language Processing (NLP), Pattern Recognition, Problem Solving, Python (Programming Language), and Speech Recognition"
19Jun2024-15:17:06,250,3945211381,Data Science & ML Engineer,RentoMojo,"Bengaluru, Karnataka, India",1 week ago,Over 100 applicants,,,₹800K/yr - ₹1.2M/yr On-site Full-time Entry level,"501-1,000 employees",Internet Publishing,"Communication, Data Analytics, Data Science, Datasets, NumPy, Optimization, Pandas (Software), Predictive Modeling, Presentation Skills, and Problem Solving"
19Jun2024-15:17:08,250,3945730459,GCP Data & BI SME,Deutsche Bank,"Bengaluru, Karnataka, India",1 week ago,61 applicants,,,On-site Full-time Entry level,"10,001+ employees",Financial Services,"Analytics, Data Analytics, Data Governance, Data Management, Data Models, Data Warehousing, Dimensional Modeling, PL/SQL, Technical Specs, and Warehouse Operations"
19Jun2024-15:17:10,250,3922136844,Experience Associate / RFI Associate (hybrid),Fortrea,"Bengaluru East, Karnataka, India",Reposted 2 weeks ago,Over 100 applicants,,,On-site Full-time Entry level,"10,001+ employees",Hospitals and Health Care,"Attention to Detail, Business Requirements, Clinical Development, Clinical Pharmacology, Communication, Computer Literacy, Customer Service, Data Research, Microsoft Outlook, and Pharmacology"
19Jun2024-15:17:12,250,3909206689,Data Governance Specialist,Synopsys Inc,"Bengaluru, Karnataka, India",Reposted 3 weeks ago,Over 100 applicants,,,Full-time Entry level,"10,001+ employees",Software Development,"Analytical Skills, Attention to Detail, Data Analysis, Data Analytics, Data Governance, Data Integrity, Data Quality, Data Science, Problem Solving, and Salesforce.com"
19Jun2024-15:17:14,250,3940405069,Data Engineer - Target India,Target,"Bengaluru, Karnataka, India",2 weeks ago,Over 100 applicants,,,On-site Full-time Entry level,"10,001+ employees",Retail,"Apache Spark, Azure Data Factory, Big Data, Data Engineering, Hive, Java, PySpark, Python (Programming Language), SQL, and Scala"
19Jun2024-15:17:16,250,3939418929,Machine Learning Engineer,MeetRecord,"Bengaluru, Karnataka, India",2 weeks ago,Over 100 applicants,,,On-site Full-time,11-50 employees,,"Algorithms, Computer Science, Computer Vision, Data Engineering, Deep Learning, Image Processing, Keras, Machine Learning Algorithms, Natural Language Processing (NLP), and TensorFlow"
19Jun2024-15:17:18,250,3933140055,Python Developer,NEXTGEN Innovation Labs,"Bangalore North Rural, Karnataka, India",3 weeks ago,Over 100 applicants,,,On-site Full-time Entry level,201-500 employees,IT Services and IT Consulting,"Back-End Web Development, Cascading Style Sheets (CSS), Code Review, Coding Standards, High Performance Computing (HPC), Problem Solving, Python (Programming Language), Software Architecture, Sprint Planning, and Technical Documentation"
19Jun2024-15:17:20,250,3924734922,Data Analyst,UST,"Bengaluru, Karnataka, India",Reposted 2 weeks ago,Over 100 applicants,,,Full-time Entry level,"10,001+ employees",IT Services and IT Consulting,"Analytics, Attention to Detail, Communication, Data Analytics, Data Science, Data Visualization, Macros, Pivot Tables, Problem Solving, and Visualization"
19Jun2024-15:17:22,250,3908458951,Analyst - Regulatory Analytics and Insights,Elanco,"Bengaluru East, Karnataka, India",Reposted 3 weeks ago,Over 100 applicants,,,On-site Full-time Entry level,"5,001-10,000 employees",Pharmaceutical Manufacturing,"DAX, Data Analytics, Data Models, Datasets, Query Writing, Regulatory Reporting, Regulatory Requirements, Reporting Requirements, Stored Procedures, and User Requirements"
19Jun2024-15:17:24,250,3946043521,Sales MIS,The Right Life,"Bengaluru, Karnataka, India",1 week ago,Over 100 applicants,,,On-site Full-time,11-50 employees,,"Account Management, Business-to-Business (B2B), Customer Satisfaction, Direct Sales, Management Information Systems (MIS), Marketing, Negotiation, Sales Management, Sales Operations, and Sales Processes"
19Jun2024-15:17:26,250,3936113055,Industrial Data Scientist,GE Digital,"Bengaluru East, Karnataka, India",3 weeks ago,Over 100 applicants,,,Full-time Entry level,"1,001-5,000 employees",Software Development,"Analytics, Business Metrics, Computer Science, Data Analytics, Data Assessment, Data Cleaning, Data Science, Mathematics, Predictive Analytics, and Presentations"
19Jun2024-15:17:28,250,3934540545,Job Opening for Data Retention _ Wipro,Incluziv (A Gig Consultants Initiative),"Bangalore Urban, Karnataka, India",3 weeks ago,57 applicants,,,On-site Full-time Entry level,11-50 employees,Human Resources Services,"Computer Science, Data Analysis, Data Analytics, Data Destruction, Data Governance, Data Management, Data Privacy, Data Retention, Legal Requirements, and Organization Skills"
19Jun2024-15:17:35,250,3920854450,Data Engineer,Koch Industries,"Bengaluru, Karnataka, India",Reposted 2 weeks ago,Over 100 applicants,,,On-site Full-time Entry level,"10,001+ employees",Oil and Gas,"Data Engineering, Data Science, Data Warehousing, Databases, and Extract, Transform, Load (ETL)"
19Jun2024-15:17:37,250,3914440536,BI Einstein Developer,Koch Industries,"Bengaluru, Karnataka, India",Reposted 6 days ago,Over 100 applicants,,,On-site Full-time Entry level,"10,001+ employees",Oil and Gas,"DAX, Dashboards, Data Analytics, Databases, Extract, Transform, Load (ETL), Microsoft Power BI, Oracle SQL Developer, QlikView, SQL Server Analysis Services (SSAS), and Transact-SQL (T-SQL)"
19Jun2024-15:17:39,250,3950772645,Data Scientist,Digimoksha Solutions,"Bagalur, Karnataka, India",4 days ago,Over 100 applicants,,,On-site Full-time Entry level,11-50 employees,IT Services and IT Consulting,"Business Requirements, Communication, Customer Requirements, Data Engineering, Data Science, Deep Learning, Natural Language Processing (NLP), Predictive Analytics, Statistical Data Analysis, and Technical Specs"
19Jun2024-15:17:41,250,3944437007,Data Engineer,sliQue Robotics,"Bengaluru, Karnataka, India",1 week ago,Over 100 applicants,,,On-site Full-time,11-50 employees,,"Communication, Data Engineering, Data Quality, Data Warehousing, Extract, Transform, Load (ETL), Microsoft Azure, Oracle Database, Problem Solving, Programming Languages, and SQL"
19Jun2024-15:17:43,250,3941417174,Data Management Engineer,Koch Industries,"Bengaluru, Karnataka, India",2 weeks ago,37 applicants,,,On-site Full-time Entry level,"10,001+ employees",Oil and Gas,"Data Engineering, Data Science, Data Warehousing, Databases, and Extract, Transform, Load (ETL)"
19Jun2024-15:17:45,250,3828849151,Data Analyst Engineer,Ethos,"Bengaluru, Karnataka, India",Reposted 3 weeks ago,Over 100 applicants,,,On-site Full-time Entry level,201-500 employees,Insurance,"Analytics, Communication, Data Analytics, Data Modeling, Data Science, Data Validation, Data Visualization, SQL, Set Theory, and Visualization"
19Jun2024-15:17:47,250,3947003560,Data Scientist,Loyalytics AI,"Bengaluru East, Karnataka, India",1 week ago,Over 100 applicants,,,On-site Full-time Entry level,51-200 employees,Data Infrastructure and Analytics,"Analytical Skills, Computer Science, Data Science, Deep Learning, Natural Language Processing (NLP), Predictive Analytics, Price Optimization, Problem Solving, PySpark, and Retail Domain"
19Jun2024-15:17:49,250,3939497103,Interesting Job Opportunity: Data Scientist - Python/Machine Learning,Mobile Programming LLC,"Bengaluru, Karnataka, India",1 week ago,100 applicants,,,On-site Full-time Entry level,"1,001-5,000 employees",IT Services and IT Consulting,"Data Analytics, Data Manipulation, Data Science, Data Visualization, Matplotlib, Pandas (Software), Problem Solving, Seaborn, Statistical Concepts, and Unstructured Data"
19Jun2024-15:17:51,250,3944622026,Business Data Analyst,LG Ad Solutions,"Bengaluru, Karnataka, India",1 week ago,Over 100 applicants,,,On-site Full-time Entry level,201-500 employees,Advertising Services,"Analytical Skills, Analytics, Data Analytics, Data Visualization, Key Performance Indicators, Mathematics, Predictive Analytics, Problem Solving, Request for Information (RFI), and Request for Proposal (RFP)"
19Jun2024-15:17:53,250,3930030733,AWS Data Engineer,Infosys,"Bengaluru East, Karnataka, India",Reposted 1 week ago,Over 100 applicants,,,On-site Full-time Entry level,"10,001+ employees",IT Services and IT Consulting,"Amazon Redshift, Communication, Data Analytics, Data Engineering, Data Modeling, Data Warehousing, Databases, Extract, Transform, Load (ETL), Problem Solving, and SQL"
19Jun2024-15:17:55,250,3909206688,Data Governance Specialist,Synopsys Inc,"Bengaluru, Karnataka, India",Reposted 3 weeks ago,Over 100 applicants,,,Full-time Entry level,"10,001+ employees",Software Development,"Analytical Skills, Attention to Detail, Data Analysis, Data Analytics, Data Governance, Data Integrity, Data Quality, Data Science, Problem Solving, and Salesforce.com"
19Jun2024-15:17:57,250,3921894682,Data Analyst Business Operations International,Elanco,"Bengaluru East, Karnataka, India",Reposted 2 weeks ago,Over 100 applicants,,,On-site Full-time Entry level,"5,001-10,000 employees",Pharmaceutical Manufacturing,"Analytical Skills, Analytics, Business Analysis, Data Analytics, Data Modeling, Data Reporting, Data Science, Data Visualization, Databases, and Statistics"
19Jun2024-15:17:59,250,3947021261,Decision Science,Fractal,"Bengaluru, Karnataka, India",1 week ago,Over 100 applicants,,,On-site Full-time Entry level,"1,001-5,000 employees",Business Consulting and Services,"Business Logic, Communication, Computer Science, Customer Engagement, Insight Generation, Product Analytics, Risk Analysis, SQL, Sensitivity, and Statistical Tools"
19Jun2024-15:18:01,250,3883388319,Gen AI- Developer,Infosys,"Bengaluru East, Karnataka, India",Reposted 3 weeks ago,Over 100 applicants,,,On-site Full-time Entry level,"10,001+ employees",IT Services and IT Consulting,"Analytical Skills, Artificial Intelligence (AI), Client Interfacing Skills, Configuration Management, Critical Thinking, Data Science, Pattern Recognition, Problem Solving, Software Configuration Management, and Statistical Analysis"
19Jun2024-15:18:03,250,3948045059,Medical Data Curation Doctor,nference,"Bengaluru, Karnataka, India",1 week ago,Over 100 applicants,,,On-site Full-time Entry level,201-500 employees,Biotechnology Research,"Biostatistics, Electronic Health Records (EHR), Python (Programming Language), SQL, and User Stories"
19Jun2024-15:18:05,250,3932183081,Data Specialist,Tekion Corp,"Bengaluru, Karnataka, India",3 weeks ago,Over 100 applicants,,,On-site Full-time Entry level,"1,001-5,000 employees",Software Development,"Automotive, Automotive Repair, Data Entry, Data Feeds, Data Management, Information Gathering, Mechanical Engineering, OEMs, Vehicle Maintenance, and Vehicles"
19Jun2024-15:18:07,250,3936221014,Industrial Data Scientist,GE Vernova,"Bengaluru, Karnataka, India",3 weeks ago,Over 100 applicants,,,Full-time Entry level,"10,001+ employees",Electric Power Generation,"Analytics, Business Metrics, Computer Science, Critical Thinking, Data Analytics, Data Assessment, Data Cleaning, Data Science, Predictive Analytics, and Presentations"
19Jun2024-15:18:09,250,3941159606,Analyst,slice,"Bengaluru, Karnataka, India",2 weeks ago,Over 100 applicants,,,On-site Full-time Entry level,"1,001-5,000 employees",Financial Services,"Analytical Skills, Communication, Data Analytics, Data Visualization, Microsoft Excel, Problem Solving, Python (Programming Language), SQL, Teamwork, and VBA Excel"
19Jun2024-15:18:11,250,3948543815,Associate - Marketplace,Myntra,"Bengaluru, Karnataka, India",6 days ago,71 applicants,,,On-site Full-time Entry level,"1,001-5,000 employees",Software Development,"Communication, Cross-functional Coordination, Data Analytics, and Stakeholder Management"
19Jun2024-15:18:13,250,3940905302,AI Educator,igebra.ai,"Bengaluru, Karnataka, India",2 weeks ago,52 applicants,,,On-site Full-time,51-200 employees,,"Artificial Intelligence (AI), Attention to Detail, Communication, Creative Content Creation, Education, Initiation, Job Skills, Presentation Skills, Problem Solving, and Professional Skills"
19Jun2024-15:18:15,250,3945904066,Data Management Specialist I,Honeywell,"Bengaluru, Karnataka, India",1 week ago,Over 100 applicants,,,On-site Full-time Entry level,"10,001+ employees","Appliances, Electrical, and Electronics Manufacturing","Attention to Detail, Business Insights, Communication, Data Analysis, Data Analytics, Data Management, Data Privacy, Data Quality, Privacy Regulations, and Problem Solving"
19Jun2024-15:18:17,250,3931390100,Data Analyst,UST,"Bengaluru, Karnataka, India",Reposted 6 days ago,Over 100 applicants,,,Full-time Entry level,"10,001+ employees",IT Services and IT Consulting,"Analytics, Communication, Dashboards, Data Analytics, Data Science, Data Visualization, Macros, Pivot Tables, Problem Solving, and Visualization"
19Jun2024-15:18:24,250,3920852472,Data Engineer,Koch Industries,"Bengaluru, Karnataka, India",Reposted 2 weeks ago,Over 100 applicants,,,On-site Full-time Entry level,"10,001+ employees",Oil and Gas,"Data Engineering, Data Science, Data Warehousing, Databases, and Extract, Transform, Load (ETL)"
19Jun2024-15:18:26,250,3944979486,Data Science,Spectral Consultants,"Bengaluru, Karnataka, India",1 week ago,Over 100 applicants,,,On-site Full-time Entry level,11-50 employees,Executive Search Services,"Artificial Intelligence (AI), Communication, Computer Science, Critical Thinking, Data Science, Generative AI, Mathematics, Problem Solving, Tenacious Work Ethic, and Written Communication"
19Jun2024-15:18:28,250,3941416245,Data Management Engineer,Koch Industries,"Bengaluru, Karnataka, India",2 weeks ago,41 applicants,,,On-site Full-time Entry level,"10,001+ employees",Oil and Gas,"Data Engineering, Data Science, Data Warehousing, Databases, and Extract, Transform, Load (ETL)"
19Jun2024-15:18:30,250,3906305504,Data Analyst,OpenCV University,"Bengaluru, Karnataka, India",Reposted 4 weeks ago,Over 100 applicants,,,On-site Full-time,11-50 employees,,"Analytical Skills, Data Analysis, Data Analytics, Data Modeling, Data Visualization, Databases, Extract, Transform, Load (ETL), Problem Solving, Statistics, and Teamwork"
19Jun2024-15:18:32,250,3943517410,Data Analyst IT Operations,Teva Pharmaceuticals,"Bengaluru, Karnataka, India",1 week ago,78 applicants,,,On-site Full-time Entry level,"10,001+ employees",Pharmaceutical Manufacturing,"Business Requirements, Computer Science, Data Analysis, Data Analytics, Data Cleaning, IBM Rational Purify, Key Performance Indicators, Request for Proposal (RFP), Statistical Analysis, and Vendor Relations"
19Jun2024-15:18:34,250,3914443047,BI Einstein Developer,Koch Industries,"Bengaluru, Karnataka, India",Reposted 3 weeks ago,Over 100 applicants,,,On-site Full-time Entry level,"10,001+ employees",Oil and Gas,"DAX, Dashboards, Data Analytics, Databases, Extract, Transform, Load (ETL), Microsoft Power BI, Oracle SQL Developer, QlikView, SQL Server Analysis Services (SSAS), and Transact-SQL (T-SQL)"
19Jun2024-15:18:36,250,3945396519,ESG Consultant,Apex Group Ltd (India Branch),"Bengaluru, Karnataka, India",1 week ago,Over 100 applicants,,,Full-time Entry level,"10,001+ employees",Financial Services,"Analytical Skills, Carbon, Data Analysis, Data Analytics, Data Research, Environmental, Social, and Governance (ESG), Independent Research, Product Demonstration, Research Projects, and Soft Skills"
19Jun2024-15:18:38,250,3939075832,Machine Learning Engineer - Generative AI/NLP,Whitetable.ai,"Bengaluru, Karnataka, India",2 weeks ago,Over 100 applicants,,,On-site Full-time Entry level,1-10 employees,"Technology, Information and Internet","Algorithms, Artificial Intelligence (AI), Attention to Detail, Data Science, Machine Learning, NLP Libraries, NLTK, Natural Language Processing (NLP), Pattern Recognition, and Problem Solving"
19Jun2024-15:18:40,250,3881376382,SSIS Developer,Infosys,"Bengaluru East, Karnataka, India",Reposted 3 weeks ago,Over 100 applicants,,,On-site Full-time Entry level,"10,001+ employees",IT Services and IT Consulting,"Business Requirements, Debugging, Graphic Design Principles, Microsoft Business Intelligence (MSBI), Problem Solving, Quality Assurance, SOLID Design Principles, Software Development, Software Quality, and Software Quality Assurance"
19Jun2024-15:18:42,250,3927435306,Analyst - DTS,Acuity Knowledge Partners,"Bengaluru, Karnataka, India",3 weeks ago,Over 100 applicants,,,On-site Full-time Entry level,"5,001-10,000 employees",Financial Services,"Analytical Skills, Analytics, Communication, Computer Science, Databases, Interpersonal Skills, Pressure Situations, Problem Solving, Skilled Multi-tasker, and User Defined Functions"
19Jun2024-15:18:44,250,3873649748,Engineering-Bengaluru-Analyst-Software Engineering,Goldman Sachs,"Bengaluru, Karnataka, India",Reposted 6 days ago,Over 100 applicants,,,Full-time Entry level,"10,001+ employees",Financial Services,"Business Requirements, Data Models, Detailed Design, Implementation Plans, Process Simulation, Programming Concepts, Software Design, Technical Specs, User Acceptance Testing, and Work Process Development"
19Jun2024-15:18:46,250,3940874064,JMP Developer,HCLTech – Engineering and R&D Services,Greater Bengaluru Area,1 week ago,22 applicants,,,On-site Full-time,"10,001+ employees",,"Analytics, Computer Science, Data Analytics, Data Mining, Data Science, Data Visualization, JMP, Statistical Analysis, Statistical Concepts, and Visualization"
19Jun2024-15:18:48,250,3936351848,RE-IGNITE Associate : Financial Data Analyst,Moody's Corporation,"Bengaluru, Karnataka, India",3 weeks ago,Over 100 applicants,,,On-site Full-time Entry level,"10,001+ employees",Financial Services,"Communication, Data Analysis, Data Analytics, Electronic Data Capture (EDC), Financial Data, Financial Data Analysis, Financial Statements, Interpersonal Communication, Ratios, and Structured Finance"
19Jun2024-15:18:53,250,3933402075,Data Scientist,,,,,,,Full-time Entry level,,,
19Jun2024-15:18:55,250,3944439933,Product Management Intern,InCred Financial Services,"Bengaluru, Karnataka, India",1 week ago,Over 100 applicants,,,On-site Full-time Entry level,"1,001-5,000 employees",Financial Services,"Analytical Skills, Chatbots, Communication, Data Analytics, ETA, Interpersonal Skills, Problem Solving, QRC, Query Resolution, and SQL"
19Jun2024-15:18:57,250,3946971480,Data Entry Coordinator - Remote,ResMed,"Bengaluru East, Karnataka, India",1 week ago,Over 100 applicants,,,Full-time Entry level,"5,001-10,000 employees",Medical Equipment Manufacturing,"Analytical Skills, Articulation, Communication, Data Entry, Databases, General Administration, Organization Skills, Reduced Costs, Stock Control, and Vocational Education"
19Jun2024-15:18:59,250,3872895390,"Senior Associate, Data Management-ANA010969",Genpact,"Bengaluru, Karnataka, India",Reposted 3 weeks ago,Over 100 applicants,,,On-site Full-time Entry level,"10,001+ employees",Business Consulting and Services,"Analytical Skills, Attention to Detail, Communication, Data Analysis, Data Analytics, Easily Adaptable, Linux, Problem Solving, Service-Level Agreements (SLA), and Skilled Multi-tasker"
19Jun2024-15:19:02,250,3933574349,Consultant/Associate Consultant - Clinical Systems and Operations Analytics,Eli Lilly and Company,"Bengaluru, Karnataka, India",3 weeks ago,Over 100 applicants,,,Full-time Entry level,"10,001+ employees",Pharmaceutical Manufacturing,"Clinical Data, Clinical Development, Clinical Operations, Clinical Trials, Communication, Data Interpretation, Data Wrangling, Oral Communication, Pattern Recognition, and Prescriptive Analytics"
19Jun2024-15:19:04,250,3933166153,"Digital Marketing Specialist – Email, SEO, Web Management",Gilbarco Veeder-Root,"Bengaluru, Karnataka, India",Reposted 3 weeks ago,Over 100 applicants,,,Full-time Entry level,"1,001-5,000 employees",Oil and Gas,"Ad Serving, Campaign Effectiveness, Digital Marketing, Drupal, HubSpot, Marketing Analytics, Marketing Campaigns, Search Engine Optimization (SEO), Web Content Writing, and Website Administration"
19Jun2024-15:19:06,250,3933276730,"Solution Analyst, Chemicals & Materials",GadflyZone,"Bengaluru, Karnataka, India",3 weeks ago,Over 100 applicants,,,On-site Full-time Entry level,1-10 employees,Strategic Management Services,"Budgeting, Business Requirements, Communication, Industrial Marketing, Marketing Analytics, Polymers, Presentations, Problem Solving, Statistical Learning, and What-if Analysis"
19Jun2024-15:19:08,250,3881380219,MicroStrategy Developer,Infosys,"Bengaluru East, Karnataka, India",Reposted 3 weeks ago,Over 100 applicants,,,On-site Full-time Entry level,"10,001+ employees",IT Services and IT Consulting,"Business Requirements, Debugging, Fundamentals, Graphic Design Principles, MicroStrategy, Problem Solving, Quality Assurance, SOLID Design Principles, Software Quality, and Software Quality Assurance"
19Jun2024-15:19:13,250,3934895599,Hiring For Data Engineer,,,,,,,Full-time Entry level,,,
19Jun2024-15:19:20,250,3914442162,Data Engineer,Koch Industries,"Bengaluru, Karnataka, India",Reposted 3 weeks ago,Over 100 applicants,,,On-site Full-time Entry level,"10,001+ employees",Oil and Gas,"Data Engineering, Data Science, Data Warehousing, Databases, and Extract, Transform, Load (ETL)"
19Jun2024-15:19:22,250,3943842033,Data Science,Spectral Consultants,"Bangalore Urban, Karnataka, India",1 week ago,Over 100 applicants,,,On-site Full-time Entry level,11-50 employees,Executive Search Services,"Artificial Intelligence (AI), Communication, Computer Science, Critical Thinking, Data Science, Generative AI, Mathematics, Problem Solving, Tenacious Work Ethic, and Written Communication"
19Jun2024-15:19:24,250,3941415305,Data Management Engineer,Koch Industries,"Bengaluru, Karnataka, India",2 weeks ago,45 applicants,,,On-site Full-time Entry level,"10,001+ employees",Oil and Gas,"Data Engineering, Data Science, Data Warehousing, Databases, and Extract, Transform, Load (ETL)"
19Jun2024-15:19:26,250,3914443046,BI Einstein Developer,Koch Industries,"Bengaluru, Karnataka, India",Reposted 3 weeks ago,85 applicants,,,On-site Full-time Entry level,"10,001+ employees",Oil and Gas,"DAX, Dashboards, Data Analytics, Databases, Extract, Transform, Load (ETL), Microsoft Power BI, Oracle SQL Developer, QlikView, SQL Server Analysis Services (SSAS), and Transact-SQL (T-SQL)"
19Jun2024-15:19:28,250,3941347774,Member of Technical Staff - Machine Learning & AI,athenahealth,"Bengaluru East, Karnataka, India",Reposted 1 week ago,30 applicants,,,Full-time Entry level,"5,001-10,000 employees",IT Services and IT Consulting,"Cascading Style Sheets (CSS), Communication, Computer Science, Data Science, Oral Communication, Scrum, and Software Development"
19Jun2024-15:19:30,250,3904887084,Engineering-Bengaluru-Analyst-Software Engineering,Goldman Sachs,"Bengaluru, Karnataka, India",Reposted 3 weeks ago,Over 100 applicants,,,Full-time Entry level,"10,001+ employees",Financial Services,"Business Requirements, Data Models, Detailed Design, Implementation Plans, Process Simulation, Programming Concepts, Software Design, Technical Specs, User Acceptance Testing, and Work Process Development"
19Jun2024-15:19:35,250,3934553858,Machine Learning Engineer - NLP,,,,,,,Full-time Entry level,,,
19Jun2024-15:19:37,250,3932583358,Manager - Internal Audit - Mahajan & Aibara LLP,Mahajan & Aibara,"Bengaluru, Karnataka, India",1 week ago,28 applicants,,,On-site Full-time,201-500 employees,,"Business Advisory Services, Communication, IFC, Internal Audits, Operational Risk Management, Presentation Skills, and Process Auditing"
19Jun2024-15:19:39,250,3938827048,Asst Exploration Geologist,GeoExpOre Pvt. Ltd.,"Bengaluru, Karnataka, India",2 weeks ago,Over 100 applicants,,,On-site Full-time,11-50 employees,,"Geochemistry, Geological Mapping, Geology, Logging, and Mineral Exploration"
19Jun2024-15:19:41,250,3895002338,Associate - Digital Marketing BI Developer,AstraZeneca,"Bengaluru East, Karnataka, India",Reposted 5 days ago,Over 100 applicants,,,Full-time Entry level,"10,001+ employees",Pharmaceutical Manufacturing,"Ad Serving, Critical Thinking, Data Models, Digital Marketing, Marketing Reporting, Qlik Sense, Snowflake, Snowflake Cloud, Thinking Skills, and Veeva CRM"
19Jun2024-15:19:43,250,3939499405,Business intelligence and data analytics (PBI & RPA),Pratt & Whitney,"Bengaluru, Karnataka, India",1 week ago,Over 100 applicants,,,On-site Full-time Entry level,"10,001+ employees",Aviation and Aerospace Component Manufacturing,"Analytics, Business Intelligence (BI), DAX, Data Analytics, Data Modeling, Manufacturing Process Improvement, Microsoft Power Query, Presentations, Robotic Process Automation (RPA), and Visualization"
19Jun2024-15:19:46,250,3949161367,Lead Safety Science Specialist,Fortrea,"Bengaluru East, Karnataka, India",4 days ago,54 applicants,,,On-site Full-time Entry level,"10,001+ employees",Hospitals and Health Care,"Adverse Event Reporting, Adverse Events, COSHH, Environment, Health, and Safety (EHS), Expediting, Legal Requirements, Occupational Health, Regulatory Agencies, Third Party Vendors, and Timelines"
19Jun2024-15:19:48,250,3932498949,Survey Operations Analyst,Toast,"Bengaluru, Karnataka, India",3 weeks ago,Over 100 applicants,,,On-site Full-time Entry level,"1,001-5,000 employees",Software Development,"Analytics, Business Systems, Communication, Data Analytics, Data Mining, Data Visualization, Qualtrics, Survey Administration, System Administration, and Written Communication"
19Jun2024-15:19:53,250,3934774010,Python Backend Developer in Bangalore,,,,,,,On-site Full-time Entry level,,,
19Jun2024-15:19:55,250,3944627674,Research Content Specialist,Moody's Corporation,"Bengaluru, Karnataka, India",1 week ago,91 applicants,,,On-site Full-time Entry level,"10,001+ employees",Financial Services,"Analytical Skills, Attention to Detail, Communication, Content Management, Data Analysis, Data Analytics, Market Data, Presentations, Problem Solving, and Report Preparation"
19Jun2024-15:19:57,250,3948482045,Join Zenteiq-ARTPARK’s Tech Team!,ZenteiQ,"Bengaluru, Karnataka, India",4 days ago,9 applicants,,,On-site Full-time,1-10 employees,,"Django, Django REST Framework, Job Skills, Preventive Maintenance, and Troubleshooting"
19Jun2024-15:19:59,250,3937589970,Time & Administration Analyst,RTX,"Bengaluru, Karnataka, India",Reposted 2 weeks ago,34 applicants,,,On-site Full-time Entry level,"10,001+ employees",Aviation and Aerospace Component Manufacturing,"Analytical Skills, Attention to Detail, Communication, Data Analysis, Data Analytics, Labor and Employment Law, Legal Requirements, Microsoft Excel, Problem Solving, and Timekeeping"
19Jun2024-15:20:01,250,3948062807,EDO Backend Developer,Eli Lilly and Company,"Bengaluru, Karnataka, India",Reposted 1 week ago,52 applicants,,,Full-time Entry level,"10,001+ employees",Pharmaceutical Manufacturing,"AWS Lambda, Attention to Detail, Back-End Web Development, Coding Standards, Communication, Elasticsearch, Problem Solving, Search Engines, Self-Management, and Software Development"
19Jun2024-15:20:03,250,3946327350,Business Analyst - FP&A,FreshToHome,"Bengaluru, Karnataka, India",1 week ago,Over 100 applicants,,,On-site Full-time Entry level,"1,001-5,000 employees","Technology, Information and Internet","Analytical Skills, Business Analysis, Business Requirements, Data Representation, Macros, Microsoft Excel, Microsoft Power Query, Presentation Skills, Presentations, and User Acceptance Testing"
19Jun2024-15:20:05,250,3946942503,Trade Compliance Analyst I,Oil and Gas Job Search Ltd,"Bengaluru, Karnataka, India",1 week ago,13 applicants,,,On-site Full-time Entry level,201-500 employees,Oil and Gas,"Analytical Skills, Communication, Computer Literacy, Data Analysis, Data Analytics, Export Control Compliance, Problem Solving, Production Planning, Skilled Multi-tasker, and Trade Compliance"
19Jun2024-15:20:07,250,3947003566,Clinical Scientist,nference,"Bengaluru, Karnataka, India",1 week ago,52 applicants,,,On-site Full-time Entry level,201-500 employees,Biotechnology Research,"Biostatistics, Clinical Trials, Electronic Health Records (EHR), Good Clinical Practice (GCP), Python (Programming Language), Real-Time Polymerase Chain Reaction (qPCR), SQL, and User Stories"
19Jun2024-15:20:09,250,3939448413,Growth Specialist,The Yarn Bazaar,"Bengaluru, Karnataka, India",2 weeks ago,Over 100 applicants,,,On-site Full-time,11-50 employees,,"Analytical Skills, Communication, Conversion Optimization, Conversion Rate, Customer Acquisition, Data Analysis, Data Analytics, Growth Marketing, Power Tools, and Startups"
19Jun2024-15:20:16,248,3920857144,Data Engineer,Koch Industries,"Bengaluru, Karnataka, India",Reposted 2 weeks ago,Over 100 applicants,,,On-site Full-time Entry level,"10,001+ employees",Oil and Gas,"Data Engineering, Data Science, Data Warehousing, Databases, and Extract, Transform, Load (ETL)"
19Jun2024-15:20:18,248,3941415304,Data Management Engineer,Koch Industries,"Bengaluru, Karnataka, India",2 weeks ago,36 applicants,,,On-site Full-time Entry level,"10,001+ employees",Oil and Gas,"Data Engineering, Data Science, Data Warehousing, Databases, and Extract, Transform, Load (ETL)"
19Jun2024-15:20:20,248,3931233474,"Data Analyst, II",Zebra Technologies,"Bengaluru, Karnataka, India",3 weeks ago,Over 100 applicants,,,Full-time Entry level,"10,001+ employees",IT Services and IT Consulting,"Analytics, Data Analytics, Data Integrity, Data Mining, Data Science, Data Visualization, English as a Second Language (ESL), IBM Cognos Analytics, Qlik Sense, and Visualization"
19Jun2024-15:20:22,248,3933601449,Data Engineer | Python| Pyspark| Airflow| SQL,Michael Page,"Bengaluru East, Karnataka, India",3 weeks ago,Over 100 applicants,,,On-site Full-time Entry level,"5,001-10,000 employees",Staffing and Recruiting,"Airflow, Algorithms, Data Engineering, Data Structures, Problem Solving, Programming, PySpark, Python (Programming Language), SQL, and Stack"
19Jun2024-15:20:24,248,3945902338,Data Engineer II,Honeywell,"Bengaluru, Karnataka, India",1 week ago,95 applicants,,,On-site Full-time Entry level,"10,001+ employees","Appliances, Electrical, and Electronics Manufacturing","Attention to Detail, Communication, Computer Science, Data Engineering, Data Science, Databases, Extract, Transform, Load (ETL), Hyperion Financial Management (HFM), MultiDimensional eXpressions (MDX), and Written Communication"
19Jun2024-15:20:29,248,3941855637,Data Engineer,,,,,,,On-site Full-time Entry level,,,
19Jun2024-15:20:34,248,3941852899,Data Engineer,,,,,,,On-site Full-time Entry level,,,
19Jun2024-15:20:39,248,3941852898,Data Engineer,,,,,,,On-site Full-time Entry level,,,
19Jun2024-15:20:44,248,3941858390,Data Engineer,,,,,,,On-site Full-time Entry level,,,
19Jun2024-15:20:46,248,3937873410,Data Analyst - Marketplace & Omni channel,Myntra,"Bengaluru, Karnataka, India",2 weeks ago,Over 100 applicants,,,On-site Full-time Entry level,"1,001-5,000 employees",Software Development,"Analytical Skills, Attention to Detail, Dashboards, Data Analysis, Data Science, Data Visualization, Databases, Presentations, Problem Solving, and SQL"
19Jun2024-15:20:48,248,3950363761,Logistics Data Analyst,Victoria’s Secret & Co.,"Bengaluru, Karnataka, India",4 days ago,Over 100 applicants,,,On-site Full-time Entry level,"10,001+ employees",Retail,"Building Models, Communication, Data Analysis, Data Analytics, Data Architecture, Data Dictionary, Data Modeling, Mathematics, Problem Solving, and Process Modeling"
19Jun2024-15:20:50,248,3933153881,Junior Market Research Specialist in Bangalore,StrategyCo.Global,"Bengaluru, Karnataka, India",3 weeks ago,Over 100 applicants,,,On-site Full-time Entry level,11-50 employees,Business Consulting and Services,"Analytical Skills, Communication, Data Analysis, Data Analytics, Identifying New Opportunities, Microbiology, Microsoft Dynamics, Molecular Biology, Statistics, and Western Blotting"
19Jun2024-15:20:52,248,3943514605,Social-Analyst,Annalect India,"Bengaluru, Karnataka, India",1 week ago,63 applicants,,,On-site Full-time Entry level,"1,001-5,000 employees",Marketing Services,"Analytical Skills, Bid Management, Data Analytics, Digital Marketing, Key Performance Indicators, Media Marketing, Optimization, Professional Skills, Social Media, and Social Media Marketing"
19Jun2024-15:20:54,248,3937578845,Financial Valuation Analyst,Sustainability Economics,"Bengaluru, Karnataka, India",2 weeks ago,Over 100 applicants,,,On-site Full-time,11-50 employees,,"Accounting, Analytical Skills, Business Valuation, Financial Analysis, Financial Modeling, Investments, Real Estate, Research Skills, Teamwork, and Visual Basic for Applications (VBA)"
19Jun2024-15:20:56,248,3911434600,Managed Services-DPS-Analytics as Service-Specialist,PwC Acceleration Centers in India,"Bengaluru, Karnataka, India",Reposted 3 weeks ago,28 applicants,,,On-site Full-time Entry level,"10,001+ employees",Professional Services,"Business Analytics, Communication, Data Analytics, Data Governance, Metadata, Metadata Management, Problem Solving, Professional Skills, Snowflake Cloud, and Strategy to Execution"
19Jun2024-15:21:01,248,3936984837,Data ananlytics trainer,,,,,,,On-site Full-time,,,
19Jun2024-15:21:03,248,3931421440,"Analyst, FP&A",SitusAMC,"Bengaluru, Karnataka, India",3 weeks ago,Over 100 applicants,,,On-site Full-time Entry level,"5,001-10,000 employees",Real Estate,"Allocations, Analytical Skills, Attention to Detail, Budgeting, Data Visualization, Finance, Financial Planning, Forecasting, Stakeholder Management, and Variance Analysis"
19Jun2024-15:21:05,248,3922598430,"Analyst, Import Planning",Molex,"Bengaluru, Karnataka, India",Reposted 2 weeks ago,Over 100 applicants,,,On-site Full-time Entry level,"10,001+ employees","Appliances, Electrical, and Electronics Manufacturing","Cancellations, Communication, Critical Thinking, Delivery Performance, Demand Planning, Key Performance Indicators, Organization Skills, SAP Products, Statutory Accounting Principles (SAP), and Thinking Skills"
19Jun2024-15:21:07,248,3935190568,Group Head - Media Planning,Havas Media Network India,"Bengaluru, Karnataka, India",3 weeks ago,49 applicants,,,On-site Full-time Entry level,"501-1,000 employees",Advertising Services,"Advertising, Campaigns, Customer Satisfaction, Datorama, English, Media Buying, Media Planning, Media Strategy, Soft Skills, and Trading Desk"
19Jun2024-15:21:09,248,3932007820,Adobe Analytics-Specialist - Software Engineering,LTIMindtree,"Bengaluru, Karnataka, India",3 weeks ago,65 applicants,,,On-site Full-time Entry level,"10,001+ employees",IT Services and IT Consulting,"Adobe Analytics, Analytics, BRD, Business Requirements, Customer Journey Mapping, Key Performance Indicators, Measurements, SDKs, Sustainability Disclosure Requirement (SDR), and Technical Requirements"
19Jun2024-15:21:11,248,3941310837,Senior Inside Sales,Simplilearn,"Bengaluru, Karnataka, India",1 week ago,29 applicants,,,On-site Full-time,"1,001-5,000 employees",,"Academic Advising, Admissions Counseling, B2C, Business Development, Cold Calling, E-Learning, Edtech, International Sales, Negotiation, and Sales"
19Jun2024-15:21:13,248,3940874512,Article Assistant,Bhalgat & Associates,"Bengaluru, Karnataka, India",1 week ago,13 applicants,,,On-site Full-time,1-10 employees,,"Accounting Software, Analytical Skills, Attention to Detail, Communication, Financial Data, Financial Data Analysis, Statutory, Statutory Audits, Tax Compliance, and Taxation"
19Jun2024-15:21:20,247,3914441489,Data Engineer,Koch Industries,"Bengaluru, Karnataka, India",Reposted 6 days ago,Over 100 applicants,,,On-site Full-time Entry level,"10,001+ employees",Oil and Gas,"Data Engineering, Data Science, Data Warehousing, Databases, and Extract, Transform, Load (ETL)"
19Jun2024-15:21:22,247,3941412822,Data Management Engineer,Koch Industries,"Bengaluru, Karnataka, India",2 weeks ago,32 applicants,,,On-site Full-time Entry level,"10,001+ employees",Oil and Gas,"Data Engineering, Data Science, Data Warehousing, Databases, and Extract, Transform, Load (ETL)"
19Jun2024-15:21:24,247,3946943340,Data Engineer II,Oil and Gas Job Search Ltd,"Bengaluru, Karnataka, India",1 week ago,15 applicants,,,On-site Full-time Entry level,201-500 employees,Oil and Gas,"Attention to Detail, Communication, Computer Science, Data Engineering, Data Science, Databases, Extract, Transform, Load (ETL), Hyperion Financial Management (HFM), MultiDimensional eXpressions (MDX), and Written Communication"
19Jun2024-15:21:26,247,3908293533,Data Engineer,Advarra,"Bengaluru, Karnataka, India",Reposted 1 day ago,Over 100 applicants,,,On-site Full-time Entry level,"501-1,000 employees",Pharmaceutical Manufacturing,"Communication, Data Architecture, Data Engineering, Data Modeling, Data Science, Extract, Transform, Load (ETL), Query Writing, Statistical Concepts, Stored Procedures, and Written Communication"
19Jun2024-15:21:28,247,3935135627,"R&amp;D Associate Engineer - Data Science in Bangalore, Karnataka, India | ABB",ABB,"Bengaluru, Karnataka, India",3 weeks ago,Over 100 applicants,,,On-site Full-time Entry level,"10,001+ employees",Automation Machinery Manufacturing,"Computer Science, Data Cleaning, Data Engineering, Data Science, Exploratory Data Analysis, Hypothesis Testing, Industry standards, Process Automation, Programming Languages, and Unsupervised Learning"
19Jun2024-15:21:30,247,3945422351,Learning Outcomes Manager: Data Science.,Newton School,"Bengaluru, Karnataka, India",1 week ago,16 applicants,,,On-site Full-time Entry level,201-500 employees,Education,"Case Studies, Coaching, Data Analytics, E-Learning, Human Resources (HR), Instructional Design, Learning Management, Pandas (Software), Teamwork, and Training"
19Jun2024-15:21:32,247,3684295405,SQL Developer,dentsu,"Bengaluru, Karnataka, India",Reposted 3 weeks ago,Over 100 applicants,,,On-site Full-time Entry level,"10,001+ employees",Advertising Services,"Data Analytics, Data Modeling, Database Design, Databases, Extract, Transform, Load (ETL), SQL Server Analysis Services (SSAS), SQL Server Reporting Services (SSRS), Stored Procedures, T-SQL Stored Procedures, and Transact-SQL (T-SQL)"
19Jun2024-15:21:34,247,3943762725,GCP Data Engineer,Alp Consulting Ltd.,"Bengaluru, Karnataka, India",2 weeks ago,14 applicants,,,Full-time Entry level,"1,001-5,000 employees",Staffing and Recruiting,"Analytics, Big Data, Data Engineering, Data Science, Data Warehousing, Databases, Datasets, Extract, Transform, Load (ETL), Google BigQuery, and Google Cloud Platform (GCP)"
19Jun2024-15:21:36,247,3932058084,Analyst – Global Compensation,Altair,"Bengaluru, Karnataka, India",3 weeks ago,74 applicants,,,On-site Full-time Entry level,"1,001-5,000 employees",Software Development,"Analytical Skills, Benchmarking, Communication, Compensation, Data Analysis, Data Analytics, Data Management, Databases, Research Skills, and Written Communication"
19Jun2024-15:21:38,247,3937250209,Associate - Buying & Merchandising,Myntra,"Bengaluru, Karnataka, India",3 weeks ago,Over 100 applicants,,,On-site Full-time Entry level,"1,001-5,000 employees",Software Development,"Communication, Interpersonal Skills, Merchandising, Microsoft Excel, Organization Skills, Problem Solving, and Written Communication"
19Jun2024-15:21:40,247,3938029404,Tech BA,Synechron,"Bengaluru East, Karnataka, India",2 weeks ago,Over 100 applicants,,,On-site Full-time Entry level,"10,001+ employees",Financial Services,"Business Analysis, Business Requirements, Data Analytics, Data Visualization, Documentation, End-to-End Project Management, Information Risk, Requirements Gathering, Technical Documentation, and User Acceptance Testing"
19Jun2024-15:21:42,247,3944617486,Manager,EXL,"Bengaluru, Karnataka, India",1 week ago,22 applicants,,,Full-time Entry level,"10,001+ employees",IT Services and IT Consulting,Macros and Team Management
19Jun2024-15:21:46,247,3944197705,"Network Broadcast Engineer, India",,,,,,,On-site Full-time Entry level,"Skills: System Monitoring, Design Specifications, +8 more",,"Broadcast Engineering, Critical Thinking, Design Specifications, Functionality, Reliability, System Monitoring, Technical Operations, Thinking Skills, Video Networking, and Video Systems"
19Jun2024-15:21:51,247,3944911596,Data Analyst,,,,,,,On-site Full-time Entry level,,,
19Jun2024-15:21:53,247,3945510694,Open Position at Alt DRX,Alt DRX,"Bengaluru South, Karnataka, India",5 days ago,15 applicants,,,On-site Full-time,51-200 employees,,"Business Solution, Communication, Content Design, Customer Service Management, Easily Adaptable, Job Skills, Professional Skills, Service Operations, Soft Skills, and Teamwork"
19Jun2024-15:21:55,247,3894210252,MDM SAAS Engineer,AVEVA,"Bangalore Urban, Karnataka, India",Reposted 3 weeks ago,51 applicants,,,Full-time Entry level,"5,001-10,000 employees",Software Development,"Ad Hoc Reporting, Data Analysis, Data Analytics, Data Management, Informatica, Management Software, Master Data, Master Data Management, Metadata, and Oracle Meter Data Management (MDM)"
19Jun2024-15:21:58,247,3939039329,3D Modeling,,,,,,,On-site Full-time,"Skills: 3D Modeling, CATIA, +2 more",,"3D Modeling, AutoCAD, CATIA, and SOLIDWORKS"
19Jun2024-15:22:00,247,3945645652,"Junior Associate, Consumer Revenue Operations",Ethos,"Bengaluru, Karnataka, India",1 week ago,97 applicants,,,On-site Full-time Entry level,201-500 employees,Insurance,"Attention to Detail, Communication, Manufacturing Process Improvement, Operational Excellence, Oral Communication, Organization Skills, and Problem Solving"
19Jun2024-15:22:02,247,3938841557,Media Analyst,LTIMindtree,"Bengaluru, Karnataka, India",Reposted 2 weeks ago,Over 100 applicants,,,On-site Full-time Entry level,"10,001+ employees",IT Services and IT Consulting,"Ad Hoc Reporting, Analytical Skills, Analytics, Data Analytics, Data Monitoring, Digital Media, Marketing, Microsoft PowerPoint, Presentations, and Python (Programming Language)"
19Jun2024-15:22:04,247,3858607338,"Architect, Performance Verification and Analysis",NVIDIA,"Bengaluru, Karnataka, India",Reposted 3 weeks ago,76 applicants,,,Full-time Entry level,"10,001+ employees",Computer Hardware Manufacturing,"Architecture, Communication, Debugging, High Performance Computing (HPC), Organization Skills, Power Consumption, RTL Design, Statistical Analysis, System Performance, and Test Suites"
19Jun2024-15:22:06,247,3938530509,"Analyst, Import Planning",Molex,"Bengaluru, Karnataka, India",2 weeks ago,Over 100 applicants,,,On-site Full-time Entry level,"10,001+ employees","Appliances, Electrical, and Electronics Manufacturing","Cancellations, Communication, Critical Thinking, Delivery Performance, Demand Planning, Key Performance Indicators, Organization Skills, SAP Products, Statutory Accounting Principles (SAP), and Thinking Skills"
19Jun2024-15:22:08,247,3946899813,Product Manager,Varimo Opportunities,"Bengaluru, Karnataka, India",1 week ago,Over 100 applicants,,,On-site Full-time Entry level,1-10 employees,Staffing and Recruiting,"Communication, Competitive Analysis, Concept to Launch, Market Analysis, Product Lifecycle Management, Product Management, Product Requirements, Product Strategy, Product Vision, and Workload Prioritization"
19Jun2024-15:22:15,247,3914439627,Data Engineer,Koch Industries,"Bengaluru, Karnataka, India",Reposted 3 weeks ago,Over 100 applicants,,,On-site Full-time Entry level,"10,001+ employees",Oil and Gas,"Data Engineering, Data Science, Data Warehousing, Databases, and Extract, Transform, Load (ETL)"
19Jun2024-15:22:17,247,3936999184,Data Analysis,NR Consulting,"Bengaluru, Karnataka, India",2 weeks ago,Over 100 applicants,,,On-site Full-time Entry level,"1,001-5,000 employees",IT Services and IT Consulting,"Analytical Skills, Business Requirements, Communication, Data Analysis, Data Analytics, Data Science, Data Visualization, Databases, Problem Solving, and Statistics"
19Jun2024-15:22:19,247,3811655211,Data Management Engineer,Koch Industries,"Bengaluru, Karnataka, India",Reposted 3 weeks ago,Over 100 applicants,,,On-site Full-time Entry level,"10,001+ employees",Oil and Gas,"Amazon EC2, Business Requirements, Cascading Style Sheets (CSS), Data Governance, Data Models, Data Quality, Database Triggers, Extract, Transform, Load (ETL), Graphical User Interface (GUI), and TIBCO"
19Jun2024-15:22:21,247,3947928393,Data Scientist Engineer,Jobs via eFinancialCareers,"Bengaluru East, Karnataka, India",1 week ago,10 applicants,,,On-site Full-time Entry level,201-500 employees,Staffing and Recruiting,"Communication, Data Science, Exchange Traded Derivatives, Integration Testing, Mathematics, Natural Language Processing (NLP), Python (Programming Language), Quantitative Analytics, Technical Documentation, and Thomson Reuters Eikon"
19Jun2024-15:22:23,247,3937585779,Associate - Category Demand Management,Myntra,"Bengaluru, Karnataka, India",2 weeks ago,88 applicants,,,On-site Full-time Entry level,"1,001-5,000 employees",Software Development,"Analytical Skills, Communication, Mathematics, Microsoft Excel, Operations, Problem Solving, and SQL"
19Jun2024-15:22:25,247,3933168426,Performance Analyst,FERMÀT,"Bengaluru, Karnataka, India",3 weeks ago,28 applicants,,,On-site Full-time Entry level,11-50 employees,"Technology, Information and Internet","Analytical Skills, Analytics, Attention to Detail, Communication, Contract Research Organization (CRO), Data Analysis, Data Analytics, E-Commerce, Facebook Ads, and Performance Analysis"
19Jun2024-15:22:27,247,3934427165,Business Analyst - Manufacturing,Kennametal,"Bengaluru, Karnataka, India",2 weeks ago,Over 100 applicants,,,On-site Full-time Entry level,"10,001+ employees",Machinery Manufacturing,"Analytical Skills, Business Insights, Communication, Data Analysis, Data Analytics, Data Manipulation, Presentation Skills, Presentations, Problem Solving, and Statistical Modeling"
19Jun2024-15:22:31,247,3802161794,Engineer,Fractal,"Bengaluru, Karnataka, India",Reposted 6 days ago,Over 100 applicants,,,On-site Full-time Entry level,,,
19Jun2024-15:22:33,247,3881376381,SSAS Developer,Infosys,"Bengaluru East, Karnataka, India",Reposted 3 weeks ago,36 applicants,,,On-site Full-time Entry level,"10,001+ employees",IT Services and IT Consulting,"Business Requirements, Debugging, Graphic Design Principles, Microsoft Business Intelligence (MSBI), Problem Solving, SOLID Design Principles, SQL Server Analysis Services (SSAS), Software Development, Software Quality, and Software Quality Assurance"
19Jun2024-15:22:35,247,3939033570,Associate Valmo - F&E,Meesho,"Bengaluru, Karnataka, India",2 weeks ago,Over 100 applicants,,,On-site Full-time Entry level,"1,001-5,000 employees","Technology, Information and Internet","Analytical Skills, Communication, Continuous Improvement, Data Analysis, Data Analytics, Performance Metrics, Problem Solving, Project Management, Query Languages, and Teamwork"
19Jun2024-15:22:37,247,3936799876,"Data Entry Specialist (Bengaluru, Karnataka)",KTI Talent Indicator,"Bengaluru, Karnataka, India",3 weeks ago,Over 100 applicants,,,$180/month - $300/month On-site Full-time Entry level,51-200 employees,Human Resources Services,"Attention to Detail, Communication, Confidentiality, Data Analysis, Data Analytics, Data Entry, Data Integrity, Handle Confidential Information, Online Data Entry, and Typing"
19Jun2024-15:22:39,247,3947260017,Algorithm Developer,Energy Exemplar,"Bengaluru, Karnataka, India",6 days ago,Over 100 applicants,,,On-site Full-time Entry level,"501-1,000 employees",Software Development,".NET Framework, CPLEX, Gurobi, Linear Regression, Mathematical Modeling, Mathematical Programming, and Operations Research"
19Jun2024-15:22:41,247,3943977867,Associate Product Manager,Greytip Software Pvt. Ltd.,"Bengaluru, Karnataka, India",1 week ago,Over 100 applicants,,,On-site Full-time Entry level,201-500 employees,IT Services and IT Consulting,"Competitive Analysis, Consumer Behavior, Data Analytics, Market Research, Product Management, Product Marketing, Product Requirements, Product Road Mapping, Product Vision, and User Stories"
19Jun2024-15:22:43,247,3937837750,Inside Sales Manager - US,Sprintzeal,"Bengaluru, Karnataka, India",2 weeks ago,41 applicants,,,On-site Full-time,51-200 employees,,"Communication, Customer Satisfaction, Inside Sales, Job Skills, Lead Generation, Sales Metrics, Sales Operations, Sales Processes, Sales Strategy, and Working Experience"
19Jun2024-15:22:45,247,3941872207,Product Test Engineer (1-2 Years),Texas Instruments,"Bengaluru, Karnataka, India",Reposted 1 day ago,Over 100 applicants,,,On-site Full-time Entry level,"10,001+ employees",Semiconductor Manufacturing,"Analog Semiconductors, Data Analysis, Debugging, Electronic Engineering, High-Voltage Engineering, Mixed-Signal Integrated Circuits, Root Cause Analysis, Semiconductor Engineering, Signal Integrity, and Spotfire"
19Jun2024-15:22:47,247,3942484885,Aptitude Trainer,Pentagon Space,"Bengaluru, Karnataka, India",1 week ago,14 applicants,,,On-site Full-time,51-200 employees,,"Attention to Detail, Attitude Change, Data Interpretation, Defining Requirements, Job Skills, Knowledge Acquisition, Logical Reasoning, Presentations, Query Writing, and Reasoning Skills"
19Jun2024-15:22:49,247,3931634362,"Sr Coordinator, Data Management",Cardinal Health,"Bengaluru, Karnataka, India",3 weeks ago,47 applicants,,,Full-time Entry level,"10,001+ employees",Hospitals and Health Care,"Analytical Skills, Data Analytics, Data Entry, Data Management, Data Strategies, Database Administration, Databases, Marketing, and Training"
19Jun2024-15:22:51,247,3932167415,"Associate, Inventory Operations",Headout,"Bengaluru, Karnataka, India",3 weeks ago,Over 100 applicants,,,On-site Full-time Entry level,201-500 employees,"Technology, Information and Internet","Business Analysis, Communication, Data Analysis, Data Analytics, Google Sheets, Key Performance Indicators, Organization Skills, Reasoning Skills, Technical Proficiency, and Workload Prioritization"
19Jun2024-15:22:53,247,3943841175,Generative AI Field Solutions Architect,Google Cloud - Minnesota,"Bengaluru, Karnataka, India",1 week ago,7 applicants,,,On-site Full-time Entry level,"10,001+ employees",IT Services and IT Consulting,"Computer Science, Customer Requirements, Data Pipelines, Data Science, Distributed Training, Fine Tuning, Generative AI, Optimizing Performance, Systems Design, and Technical Presentations"
19Jun2024-15:22:57,247,3936635797,Laboratory Technician,,,,,,,On-site Full-time Entry level,"Skills: Laboratory Techniques, Quality Control, +8 more",,"Attention to Detail, Biology, Communication, Laboratory Equipment, Laboratory Skills, Laboratory Techniques, Oral Communication, Problem Solving, Quality Control, and Safety Regulations"
19Jun2024-15:22:59,247,3937348425,"Software Engineer II, QE - Security Products",Sumo Logic,"Bengaluru, Karnataka, India",Reposted 27 minutes ago,Over 100 applicants,,,On-site Full-time Entry level,"501-1,000 employees",Software Development,"Back-End Web Development, C (Programming Language), C#, Communication, Computer Science, Incident Response, Object-oriented Languages, Quality Assurance, Scala, and Test Coverage"
19Jun2024-15:23:01,247,3934820067,Reservoir Technology Development Engineer,Oil and Gas Job Search Ltd,"Bengaluru, Karnataka, India",2 weeks ago,15 applicants,,,On-site Full-time Entry level,201-500 employees,Oil and Gas,"Fluid Simulation, Modeling and Simulation, Petrel, Prediction, Report Writing, Reservoir Evaluation, Reservoir Modeling, Technical Reports, Technology Development, and Test Analysis"
19Jun2024-15:23:08,256,3920856202,Data Engineer,Koch Industries,"Bengaluru, Karnataka, India",Reposted 2 weeks ago,Over 100 applicants,,,On-site Full-time Entry level,"10,001+ employees",Oil and Gas,"Data Engineering, Data Science, Data Warehousing, Databases, and Extract, Transform, Load (ETL)"
19Jun2024-15:23:10,256,3937207450,Data Engineer,RWS Group,"Bengaluru, Karnataka, India",2 weeks ago,Over 100 applicants,,,On-site Full-time Entry level,"5,001-10,000 employees",Translation and Localization,"Data Cleaning, Data Engineering, Data Manipulation, Data Modeling, Databases, Datasets, Extract, Transform, Load (ETL), Query Optimization, SQL Server Integration Services (SSIS), and Stored Procedures"
19Jun2024-15:23:12,256,3946496154,ES Data Analytics Advisor,Oil and Gas Job Search Ltd,"Bengaluru, Karnataka, India",1 week ago,1 applicant,,,On-site Full-time Entry level,201-500 employees,Oil and Gas,"Business Analysis, Communication, Data Modeling, Datasets, English to Spanish, Enterprise Data, Enterprise Data Modeling, SAP Business Warehouse (SAP BW), SAP Implementation, and Statutory Accounting Principles (SAP)"
19Jun2024-15:23:14,256,3947832384,Placement Manager - Data Analytics,ISDC GLOBAL,"Bengaluru, Karnataka, India",5 days ago,25 applicants,,,On-site Full-time,201-500 employees,,"Campus Placement, Corporate Relations, Data Science, Job Placements, Permanent Placement, and Private Placements"
19Jun2024-15:23:16,256,3933789263,Data Engineer,Alp Consulting Ltd.,"Bengaluru, Karnataka, India",3 weeks ago,45 applicants,,,On-site Full-time Entry level,"1,001-5,000 employees",Staffing and Recruiting,"Data Analytics, Data Engineering, Data Manipulation, Data Modeling, Data Models, Data Science, Extract, Transform, Load (ETL), Problem Solving, Reporting Requirements, and Scala"
19Jun2024-15:23:21,256,3944434416,Data Management Engineer,,,,,,,On-site Full-time Entry level,,,
19Jun2024-15:23:23,256,3947926446,Data Scientist Engineer,Jobs via eFinancialCareers,"Bengaluru East, Karnataka, India",1 week ago,12 applicants,,,On-site Full-time Entry level,201-500 employees,Staffing and Recruiting,"Communication, Data Science, Exchange Traded Derivatives, Integration Testing, Mathematics, Natural Language Processing (NLP), Python (Programming Language), Quantitative Analytics, Technical Documentation, and Thomson Reuters Eikon"
19Jun2024-15:23:25,256,3948306433,Staff Machine Learning Engineer,ShareChat,"Bengaluru, Karnataka, India",6 days ago,70 applicants,,,On-site Full-time Entry level,"1,001-5,000 employees",Internet Publishing,"Data Analysis, Data Analytics, Data Science, Exploratory Data Analysis, Machine Learning, Neural Networks, Pattern Recognition, Recommender Systems, Statistical Data Analysis, and TensorFlow"
19Jun2024-15:23:28,256,3944008992,Business Analyst,Crox Consulting Inc,"Bengaluru, Karnataka, India",1 week ago,Over 100 applicants,,,On-site Full-time Entry level,201-500 employees,Staffing and Recruiting,"Analytics, Communication, Critical Thinking, Data Analytics, Documentation, Ethical Hacking, Presentations, Problem Solving, Thinking Skills, and User Stories"
19Jun2024-15:23:30,256,3935612521,Associate - Category Demand Management,Myntra,"Bengaluru, Karnataka, India",3 weeks ago,86 applicants,,,On-site Full-time Entry level,"1,001-5,000 employees",Software Development,"Analytical Skills, Communication, Mathematics, Microsoft Excel, Operations, Problem Solving, and SQL"
19Jun2024-15:23:32,256,3927812248,Business Analyst,"DIGITAL HARBOR, Inc.","Bengaluru, Karnataka, India",3 weeks ago,Over 100 applicants,,,On-site Full-time Entry level,201-500 employees,Software Development,"B2B Software, Business Analysis, Business Requirements, Business Testing, Data Analytics, Documentation, Power Tools, Product Testing, and SAS (Software)"
19Jun2024-15:23:34,256,3941854734,Aptitude Trainer,Pentagon Space,"Bengaluru, Karnataka, India",1 week ago,12 applicants,,,On-site Full-time,51-200 employees,,"Attention to Detail, Attitude Change, Data Interpretation, Defining Requirements, Job Skills, Knowledge Acquisition, Logical Reasoning, Presentations, Query Writing, and Reasoning Skills"
19Jun2024-15:23:36,256,3944445079,Sap hcm,"Enterprise Minds, Inc","Bengaluru, Karnataka, India",1 week ago,34 applicants,,,On-site Full-time,"501-1,000 employees",,"Accounting Standards, Business Process, Computer Science, Human Capital Management, Master Data, SAP FI, SAP FICO, SAP Products, SAP Sales & Distribution, and Statutory Accounting Principles (SAP)"
19Jun2024-15:23:38,256,3903675686,Senior Associate Last Mile - ValMo,Meesho,"Bengaluru, Karnataka, India",Reposted 3 weeks ago,Over 100 applicants,,,On-site Full-time Entry level,"1,001-5,000 employees","Technology, Information and Internet","Analytical Skills, Communication, Cost Reduction, Data Analytics, Google Sheets, Interpersonal Skills, Key Performance Indicators, Logics, Problem Solving, and Root Cause"
19Jun2024-15:23:40,256,3923244773,Platform and Silicon Validation Engineer,NVIDIA,"Bengaluru, Karnataka, India",Reposted 2 weeks ago,Over 100 applicants,,,Full-time Entry level,"10,001+ employees",Computer Hardware Manufacturing,"Analog Semiconductors, Communication, Data Acquisition, Electrical Characterization, PCIe, and SerDes"
19Jun2024-15:23:42,256,3929079551,Reservoir Technology Development Engineer,ExxonMobil,"Bengaluru, Karnataka, India",Reposted 1 week ago,Over 100 applicants,,,On-site Full-time Entry level,"501-1,000 employees",Oil and Gas,"Fluid Simulation, Modeling and Simulation, Petrel, Prediction, Reservoir Evaluation, Reservoir Modeling, Technical Reports, Technology Development, Test Analysis, and Transient"
19Jun2024-15:23:44,256,3937844087,SDE-1 (Go Backend),Furlenco,"Bengaluru, Karnataka, India",2 weeks ago,Over 100 applicants,,,On-site Full-time Entry level,201-500 employees,Consumer Services,Java and JavaScript
19Jun2024-15:23:46,256,3934235366,Ecommerce Operations Executive,Blooprint,"Bengaluru, Karnataka, India",3 weeks ago,Over 100 applicants,,,On-site Full-time Entry level,"Skills: E-Commerce, Merchandising, +8 more",,"Analytical Skills, Category Management, Communication, Customer Service, Data Analysis, Data Analytics, E-Commerce, Merchandising, Operations, and Oral Communication"
19Jun2024-15:23:48,256,3949495926,Product Designer II,Razorpay,"Bengaluru, Karnataka, India",5 days ago,Over 100 applicants,,,Full-time Entry level,"1,001-5,000 employees",Software Development,"Communication, Creativity Skills, Presentation Skills, Presentations, Usability, User Experience (UX), User Interface Design, User Research, User-centered Design, and Visual Design"
19Jun2024-15:23:50,256,3931130858,Billing & Collections Specialist,BPM LLP,"Bengaluru, Karnataka, India",Reposted 6 days ago,Over 100 applicants,,,On-site Full-time Entry level,"1,001-5,000 employees",Business Consulting and Services,"Accounting Standards, Accounts Receivable (AR), Billing Process, Cash Collection, Client Services, Communication, Customer Engagement, Customer-Focused Selling, Data Analysis, and Pivot Tables"
19Jun2024-15:23:52,256,3948354388,Marketing Operations Associate,Blufig,"Bengaluru, Karnataka, India",6 days ago,30 applicants,,,On-site Full-time Entry level,11-50 employees,Advertising Services,"Communication, Google Tag Manager, Landing Pages, Marketing Operations, Media Management, Organization Skills, Paid Social Media, Problem Solving, Social Media, and Social Media Management"
19Jun2024-15:23:54,256,3922158879,Compliance-Bengaluru-Analyst-Business Unit Compliance,Goldman Sachs,"Bengaluru, Karnataka, India",Reposted 2 weeks ago,Over 100 applicants,,,Full-time Entry level,"10,001+ employees",Financial Services,"Analytical Skills, Business Requirements, Communication, Compliance Engineering, Compliance Management, Global Compliance, Handle Multiple Projects, Interpersonal Communication, Interpersonal Skills, and Problem Solving"
19Jun2024-15:24:01,256,3920856201,Data Engineer,Koch Industries,"Bengaluru, Karnataka, India",Reposted 2 weeks ago,Over 100 applicants,,,On-site Full-time Entry level,"10,001+ employees",Oil and Gas,"Data Engineering, Data Science, Data Warehousing, Databases, and Extract, Transform, Load (ETL)"
19Jun2024-15:24:03,256,3948163861,SAP HCM,"Enterprise Minds, Inc","Bengaluru, Karnataka, India",1 week ago,23 applicants,,,On-site Full-time Entry level,"501-1,000 employees",Software Development,"Cyber-security, Data Engineering, FinTech, Human Capital Management, Infor Enterprise Resource Planning (ERP), SAP ERP, SAP FICO, SAP Products, Solution Implementation, and Statutory Accounting Principles (SAP)"
19Jun2024-15:24:05,256,3946902797,Product Designer II,Razorpay,"Bengaluru, Karnataka, India",1 week ago,Over 100 applicants,,,Full-time Entry level,"1,001-5,000 employees",Software Development,"Communication, Creativity Skills, Presentation Skills, Presentations, Usability, User Experience (UX), User Interface Design, User Research, User-centered Design, and Visual Design"
19Jun2024-15:24:07,256,3946538148,Customer Experience Specialist,TourHero,"Bengaluru South, Karnataka, India",Reposted 5 days ago,Over 100 applicants,,,On-site Full-time Entry level,11-50 employees,"Technology, Information and Internet","Communication, Customer Experience, Customer Satisfaction, Data Analytics, Data Presentation, Lateral Thinking, Oral Communication, Presentations, Problem Solving, and Thinking Skills"
19Jun2024-15:24:09,256,3944446870,Senior Associate - Paid media,Team Pumpkin,"Bengaluru, Karnataka, India",6 days ago,46 applicants,,,On-site Full-time,201-500 employees,,"Analytical Skills, Digital Marketing, Digital Media, Marketing, Paid Media Advertising, Paid Social Media Advertising, Performance Marketing, Research Skills, Social Media, and Social Media Marketing"
19Jun2024-15:24:11,256,3945459082,Global Investment Research - Research Analyst - Analyst - Bengaluru,Goldman Sachs,"Bengaluru, Karnataka, India",1 week ago,Over 100 applicants,,,Full-time Entry level,"10,001+ employees",Financial Services,"Analytical Skills, Annual Reports, Attention to Detail, Communication, Data Analysis, Economics, Interpersonal Skills, Research Skills, Sell Side, and Statistical Analysis"
19Jun2024-15:24:13,256,3823483922,Sr. Associate Consultant - Japan MR,Eli Lilly and Company,"Bengaluru, Karnataka, India",Reposted 3 weeks ago,Over 100 applicants,,,Full-time Entry level,"10,001+ employees",Pharmaceutical Manufacturing,"Analytical Reasoning, Analytics, Data Collection, Insight Generation, Japanese, Linear Regression, Market Research, Reasoning Skills, Research Projects, and Strategic Thinking"
19Jun2024-15:24:15,256,3904634270,Logistics Specialist,Hach,"Bengaluru, Karnataka, India",Reposted 3 weeks ago,Over 100 applicants,,,On-site Full-time Entry level,"1,001-5,000 employees",Environmental Services,"Accounting Standards, Analytical Skills, Communication, Interpersonal Communication, Inventory Management, Logistics Management, Production Schedules, and Supply Chain Management"
19Jun2024-15:24:17,256,3937753245,Corporate Sales (Fresher),Floatr Wealth,"Bengaluru, Karnataka, India",2 weeks ago,Over 100 applicants,,,On-site Full-time,11-50 employees,,"Cold Calling, Communication, Deal Closure, Presentation Skills, Presentations, Sales, and Sales Management"
19Jun2024-15:24:19,256,3947839229,Strategy and Ops,NEWME,"Bengaluru, Karnataka, India",5 days ago,Over 100 applicants,,,On-site Full-time,51-200 employees,,"Business Insights, Cash Flow, Cash Flow Forecasting, Communication, Defining Requirements, Forecasting, PnL, Presentations, Product Service, and VBA Excel"
19Jun2024-15:24:21,256,3934820053,Returnship-Engineering,Oil and Gas Job Search Ltd,"Bengaluru, Karnataka, India",2 weeks ago,1 applicant,,,On-site Full-time Entry level,201-500 employees,Oil and Gas,"Communication, Flow Assurance, Inversion, Low Carbon, Mathematical Programming, Process Design, Reliability, Reservoir Management, Seismic Enablement Cloud, and Subsea Engineering"
19Jun2024-15:24:25,256,3945537767,Coddle Technologies - MEAN Stack Developer - Node.js/AngularJS,,,,,,,Full-time Entry level,"Skills: AngularJS, MongoDB, +8 more",,"AngularJS, Doctrine (PHP), JavaScript, MongoDB, MySQL, NoSQL, Node.js, PHP, Symfony Framework, and jQuery"
19Jun2024-15:24:27,256,3950299013,Paid Media Executive,Ethinos,"Bengaluru, Karnataka, India",3 days ago,32 applicants,,,On-site Full-time Entry level,201-500 employees,Advertising Services,"Campaigns, Communication, Data Analysis, Data Analytics, Instagram, Marketing Campaign Management, Mediation, Paid Media Advertising, Presentations, and YouTube"
19Jun2024-15:24:29,256,3946626762,Operations Coordinator,Reach,"Bengaluru, Karnataka, India",1 week ago,Over 100 applicants,,,On-site Full-time,51-200 employees,,"Analytical Skills, Attention to Detail, Attitude Change, Box Cloud, Communication, Cross-functional Coordination, Escalations Management, Interpersonal Skills, Knowledge Acquisition, and Multitasking"
19Jun2024-15:24:31,256,3932437348,Finance Support,Momentive,"Bengaluru East, Karnataka, India",3 weeks ago,Over 100 applicants,,,On-site Full-time Entry level,"5,001-10,000 employees",Chemical Manufacturing,"Accruals, Budgeting, Finance, Financial Reporting, Key Performance Indicators, Margin Analysis, Presentations, Reporting & Analysis, Statutory Accounting Principles (SAP), and Transfer Pricing"
19Jun2024-15:24:33,256,3948350981,Electrical Engineer (Fresher),NeoRealm Solutions,"Bangalore North Rural, Karnataka, India",6 days ago,Over 100 applicants,,,On-site Full-time Entry level,1-10 employees,IT Services and IT Consulting,"AutoCAD, Electrical Design, Electrical Engineering, Electrical Layouts, Electricity, Problem Solving, Project Plans, Project Tracking, Schematic, and Technical Documentation"
19Jun2024-15:24:35,256,3939416640,Associate - Retention and Renewal,Razorpay,"Bengaluru, Karnataka, India",2 weeks ago,Over 100 applicants,,,On-site Full-time Entry level,"1,001-5,000 employees",Software Development,"Business-to-Business (B2B), Cross-Selling, Customer Retention, Product Service, Renewals, Software as a Service (SaaS), and Upselling"
19Jun2024-15:24:37,256,3770860336,EDA Workflow Optimization Engineer,NVIDIA,"Bengaluru, Karnataka, India",Reposted 1 day ago,Over 100 applicants,,,Full-time Entry level,"10,001+ employees",Computer Hardware Manufacturing,"Application-Specific Integrated Circuits (ASIC), C++, Communication, Debugging, Digital Designs, EDA, Export Control Compliance, Python (Programming Language), RTL Verification, and Very-Large-Scale Integration (VLSI)"
19Jun2024-15:24:42,256,3949788654,Back Office Officer,,,,,,,On-site Full-time Entry level,,,
19Jun2024-15:24:44,256,3894396109,SME II - Semiconductor Product Validation,UST,"Bengaluru, Karnataka, India",Reposted 6 days ago,21 applicants,,,Full-time Entry level,"10,001+ employees",IT Services and IT Consulting,"Adaptation, Communication, Computer System Validation, Equipment Qualification, Process Validation, Product Demonstration, and Quality Assurance"
19Jun2024-15:24:46,256,3930147187,Associate - Mid Market Sales,Razorpay,"Bengaluru, Karnataka, India",4 weeks ago,Over 100 applicants,,,Full-time Entry level,"1,001-5,000 employees",Software Development,"Banking Solutions, Business-to-Business (B2B), Consultative Approach, Customer Data, Daily Operations, Focussed, Inbound Sales, Interpersonal Skills, Product Demonstration, and Sales Processes"
19Jun2024-15:24:48,256,3926627443,Audiologist,Ear Solutions Pvt Ltd,"Bengaluru, Karnataka, India",5 days ago,11 applicants,,,On-site Full-time,51-200 employees,,"Audiology, Communication, Hearing Aid Dispensing, Hearing Aids, Hearing Conservation, Hearing Tests, Hearings, and Job Search"
19Jun2024-15:24:57,256,3914437969,Data Engineer,Koch Industries,"Bengaluru, Karnataka, India",Reposted 3 weeks ago,Over 100 applicants,,,On-site Full-time Entry level,"10,001+ employees",Oil and Gas,"Data Engineering, Data Science, Data Warehousing, Databases, and Extract, Transform, Load (ETL)"
19Jun2024-15:24:59,256,3920853446,Data Engineer,Koch Industries,"Bengaluru, Karnataka, India",Reposted 2 weeks ago,Over 100 applicants,,,On-site Full-time Entry level,"10,001+ employees",Oil and Gas,"Data Engineering, Data Science, Data Warehousing, Databases, and Extract, Transform, Load (ETL)"
19Jun2024-15:25:01,256,3914443056,Data Engineer,Koch Industries,"Bengaluru, Karnataka, India",Reposted 3 weeks ago,Over 100 applicants,,,On-site Full-time Entry level,"10,001+ employees",Oil and Gas,"Data Engineering, Data Science, Data Warehousing, Databases, and Extract, Transform, Load (ETL)"
19Jun2024-15:25:03,256,3937338721,Data Engineer,Koch Industries,"Bengaluru, Karnataka, India",3 weeks ago,Over 100 applicants,,,On-site Full-time Entry level,"10,001+ employees",Oil and Gas,"Data Engineering, Data Science, Data Warehousing, Databases, and Extract, Transform, Load (ETL)"
19Jun2024-15:25:05,256,3948646454,Associate - Mid Market Sales,Razorpay,"Bengaluru, Karnataka, India",6 days ago,45 applicants,,,Full-time Entry level,"1,001-5,000 employees",Software Development,"Banking Solutions, Business-to-Business (B2B), Consultative Approach, Customer Data, Daily Operations, Focussed, Inbound Sales, Interpersonal Skills, Product Demonstration, and Sales Processes"
19Jun2024-15:25:09,256,3934897370,Hiring For Medical Biller,,,,,,,On-site Full-time Entry level,,,
